method,full-accuracy,column_precision,column_recall,column_F1
Auto-Suggest,0.5,0.75,0.5480676328502415,0.576388888888889
Pattern-similarity,0.3333333333333333,0.625,0.5630434782608695,0.56506734006734
Col-name-similarity,0.3333333333333333,0.6666666666666666,0.6684782608695651,0.6319215506715506
Data-type,0.0,0.5503812636165578,0.8297101449275361,0.6455331152342022
Contiguous-type,0.16666666666666666,0.45291005291005293,0.5380434782608695,0.46169006324749345
